Workbook

Sheet Curva final
A1: KAROL G — Curva de producción final (Escenario BAJO 80%, sin Jean ni collares)
A2: Azul = dato de entrada (total del escenario). Unidades por talla = total × % histórico; la talla M absorbe el redondeo para cuadrar el total exacto.
A4: Referencia | B4: Total BAJO 80% | C4: % XS | D4: % S | E4: % M | F4: % L | G4: % XL | H4: XS | I4: S | J4: M | K4: L | L4: XL | M4: Total curva | N4: Check
A5: Camiseta de tiras | B5: 600 | C5: =IFERROR('Base historica'!C5/'Base historica'!H5,0) | D5: =IFERROR('Base historica'!D5/'Base historica'!H5,0) | E5: =IFERROR('Base historica'!E5/'Base historica'!H5,0) | F5: =IFERROR('Base historica'!F5/'Base historica'!H5,0) | G5: =IFERROR('Base historica'!G5/'Base historica'!H5,0) | H5: =ROUND($B5*C5,0) | I5: =ROUND($B5*D5,0) | J5: =B5-H5-I5-K5-L5 | K5: =ROUND($B5*F5,0) | L5: =ROUND($B5*G5,0) | M5: =SUM(H5:L5) | N5: =IF(M5=B5,"OK","REVISAR")
A6: Mesh manga corta | B6: 720 | C6: =IFERROR('Base historica'!C6/'Base historica'!H6,0) | D6: =IFERROR('Base historica'!D6/'Base historica'!H6,0) | E6: =IFERROR('Base historica'!E6/'Base historica'!H6,0) | F6: =IFERROR('Base historica'!F6/'Base historica'!H6,0) | G6: =IFERROR('Base historica'!G6/'Base historica'!H6,0) | H6: =ROUND($B6*C6,0) | I6: =ROUND($B6*D6,0) | J6: =B6-H6-I6-K6-L6 | K6: =ROUND($B6*F6,0) | L6: =ROUND($B6*G6,0) | M6: =SUM(H6:L6) | N6: =IF(M6=B6,"OK","REVISAR")
A7: Body negro | B7: 600 | C7: =IFERROR('Base historica'!C7/'Base historica'!H7,0) | D7: =IFERROR('Base historica'!D7/'Base historica'!H7,0) | E7: =IFERROR('Base historica'!E7/'Base historica'!H7,0) | F7: =IFERROR('Base historica'!F7/'Base historica'!H7,0) | G7: =IFERROR('Base historica'!G7/'Base historica'!H7,0) | H7: =ROUND($B7*C7,0) | I7: =ROUND($B7*D7,0) | J7: =B7-H7-I7-K7-L7 | K7: =ROUND($B7*F7,0) | L7: =ROUND($B7*G7,0) | M7: =SUM(H7:L7) | N7: =IF(M7=B7,"OK","REVISAR")
A8: Mesh manga larga | B8: 708 | C8: =IFERROR('Base historica'!C8/'Base historica'!H8,0) | D8: =IFERROR('Base historica'!D8/'Base historica'!H8,0) | E8: =IFERROR('Base historica'!E8/'Base historica'!H8,0) | F8: =IFERROR('Base historica'!F8/'Base historica'!H8,0) | G8: =IFERROR('Base historica'!G8/'Base historica'!H8,0) | H8: =ROUND($B8*C8,0) | I8: =ROUND($B8*D8,0) | J8: =B8-H8-I8-K8-L8 | K8: =ROUND($B8*F8,0) | L8: =ROUND($B8*G8,0) | M8: =SUM(H8:L8) | N8: =IF(M8=B8,"OK","REVISAR")
A9: Camiseta Tshirt | B9: 576 | C9: =IFERROR('Base historica'!C9/'Base historica'!H9,0) | D9: =IFERROR('Base historica'!D9/'Base historica'!H9,0) | E9: =IFERROR('Base historica'!E9/'Base historica'!H9,0) | F9: =IFERROR('Base historica'!F9/'Base historica'!H9,0) | G9: =IFERROR('Base historica'!G9/'Base historica'!H9,0) | H9: =ROUND($B9*C9,0) | I9: =ROUND($B9*D9,0) | J9: =B9-H9-I9-K9-L9 | K9: =ROUND($B9*F9,0) | L9: =ROUND($B9*G9,0) | M9: =SUM(H9:L9) | N9: =IF(M9=B9,"OK","REVISAR")
A10: TOTAL | B10: =SUM(B5:B9) | C10: =IFERROR(H10/$M10,0) | D10: =IFERROR(I10/$M10,0) | E10: =IFERROR(J10/$M10,0) | F10: =IFERROR(K10/$M10,0) | G10: =IFERROR(L10/$M10,0) | H10: =SUM(H5:H9) | I10: =SUM(I5:I9) | J10: =SUM(J5:J9) | K10: =SUM(K5:K9) | L10: =SUM(L5:L9) | M10: =SUM(M5:M9)

Sheet Escenarios
A1: Estimado original (correo 14-sep-2026) y ajuste acordado
A3: Referencia | B3: BAJO (80%) | C3: CONSERVADOR (100%) | D3: OPTIMISTA (120%) | E3: Estado | F3: BAJO final
A4: Camiseta de tiras | B4: 600 | C4: 750 | D4: 900 | E4: Sale | F4: =IF(E4="Sale",B4,0)
A5: Mesh manga corta | B5: 720 | C5: 900 | D5: 1080 | E5: Sale | F5: =IF(E5="Sale",B5,0)
A6: Body negro | B6: 600 | C6: 750 | D6: 900 | E6: Sale | F6: =IF(E6="Sale",B6,0)
A7: Mesh manga larga | B7: 708 | C7: 885 | D7: 1062 | E7: Sale | F7: =IF(E7="Sale",B7,0)
A8: Camiseta Tshirt | B8: 576 | C8: 720 | D8: 864 | E8: Sale | F8: =IF(E8="Sale",B8,0)
A9: Jean | B9: 240 | C9: 300 | D9: 360 | E9: NO SALE | F9: =IF(E9="Sale",B9,0)
A10: Collar "Sonrisa" | B10: 160 | C10: 200 | D10: 240 | E10: NO SALE | F10: =IF(E10="Sale",B10,0)
A11: Collar "Sol" | B11: 160 | C11: 200 | D11: 240 | E11: NO SALE | F11: =IF(E11="Sale",B11,0)
A12: Collar "Corazón" | B12: 160 | C12: 200 | D12: 240 | E12: NO SALE | F12: =IF(E12="Sale",B12,0)
A13: TOTAL | B13: =SUM(B4:B12) | C13: =SUM(C4:C12) | D13: =SUM(D4:D12) | F13: =SUM(F4:F12)
A15: Unidades eliminadas | B15: =B13-F13
A16: % de reducción vs BAJO | B16: =IFERROR(B15/B13,0)

Sheet Alertas
A1: Alertas y puntos a validar antes de emitir la OP
A3: Nivel | B3: Tema | C3: Detalle / acción
A4: ALTA | B4: Sin historial propio | C4: La colección Karol G no existe en Shopify. Las curvas son un proxy de prendas análogas de Mompossina.
A5: ALTA | B5: Camiseta de tiras sin base | C5: Solo hay 96 u históricas de tank tops y solo en S/M/L. Se usó la curva de T-shirts en XS–XL. Confirmar tallaje real.
A6: ALTA | B6: Tallaje Body negro | C6: Los bodies nunca se han vendido en XS: la curva sale en S–XL (0 u en XS). Confirmar si se abre XS.
A7: MEDIA | B7: Mesh manga larga | C7: Se agruparon "LONG SLEEVE" y "LONG SHIRT" (4.467 u). Si "manga larga" es solo la manga, la muestra propia es de 167 u (curva casi igual).
A8: MEDIA | B8: Curvas Colombia excluidas | C8: Colombia Mesh Shirt tiene L como talla #1 (30%) y 4.527 u sin talla; Colombia T-shirt tiene más XS/S. Si Karol G se comporta como producto de fan masivo, la curva se corre hacia XS/S (T-shirt) o L (mesh).
A9: MEDIA | B9: Solo canal Shopify | C9: El historial no incluye mayoristas ni exportación. Si hay pedido mayorista de Karol G, su curva debe sumarse aparte.
A10: MEDIA | B10: Unidades pequeñas en extremos | C10: XS y XL quedan con cantidades bajas en algunas referencias; validar mínimos por corte/tendido con el satélite.
A11: MEDIA | B11: Insumos de Jean y collares | C11: Si ya había compras o separaciones de tela/herrajes para Jean y collares (720 u), cancelarlas o reasignarlas.
A12: INFO | B12: Colores | C12: Solo "Body negro" tiene color explícito. Confirmar color(es) de las otras 4 referencias; si hay más de un color, la curva se reparte por color.
A13: INFO | B13: Tiempos | C13: Correo enviado 14-sep; hoy 29-sep. Con lanzamiento de fin de año, confirmar fecha compromiso del satélite.

Sheet Base historica
A1: Unidades netas vendidas por talla (Shopify, últimos 24 meses, corte 29-sep-2026)
A2: Fuente: ShopifyQL FROM sales net_items_sold GROUP BY product_title, variant. Solo canal Shopify (web + showroom); no incluye mayoristas.
A4: Referencia Karol G | B4: Base análoga usada | C4: XS | D4: S | E4: M | F4: L | G4: XL | H4: Total
A5: Camiseta de tiras | B5: PROXY: T-shirts Mompossina (sin Colombia) — no hay historial de camisetas de tiras en XS–XL | C5: 162 | D5: 415 | E5: 614 | F5: 290 | G5: 155 | H5: =SUM(C5:G5)
A6: Mesh manga corta | B6: Mesh shirts manga corta (sin Colombia Mesh Shirt) | C6: 324 | D6: 1090 | E6: 1403 | F6: 839 | G6: 392 | H6: =SUM(C6:G6)
A7: Body negro | B7: Todos los bodies (sin XS en historial) | C7: 0 | D7: 217 | E7: 240 | F7: 166 | G7: 73 | H7: =SUM(C7:G7)
A8: Mesh manga larga | B8: Mesh long sleeve + mesh long shirts | C8: 422 | D8: 1169 | E8: 1434 | F8: 1007 | G8: 435 | H8: =SUM(C8:G8)
A9: Camiseta Tshirt | B9: T-shirts Mompossina (sin Colombia T-shirt) | C9: 162 | D9: 415 | E9: 614 | F9: 290 | G9: 155 | H9: =SUM(C9:G9)
A11: Referencia no usada (curva atípica): COLOMBIA MESH SHIRT XS 992 / S 1090 / M 1131 / L 1691 / XL 760 + 4.527 u sin talla; COLOMBIA T-SHIRT XS 657 / S 1407 / M 1393 / L 594 / XL 243.
